Rk,Team,Conf,AdjOE,AdjDE,Barthag,Ret Mins,RPMs,Talent,Exp.,Trans.
1,Duke,ACC,120.2,91.4,0.959,40.60%,35.60%,93.6,1.14,0
,,,2,3,,,,,,
2,Houston,B12,117.1,89.2,0.9581,43.10%,41.90%,86.3,1.34,21
,,,15,1,,,,,,
3,Michigan,B10,119,93,0.9446,38.70%,35.50%,79.2,2.09,259
,,,6,8,,,,,,
4,Purdue,B10,121.9,95.2,0.9444,69.70%,79.20%,65.6,2.04,51
,,,1,26,,,,,,
5,Florida,SEC,117.7,92.3,0.9425,40.20%,37.40%,60,1.44,167
,,,13,6,,,,,,
6,BYU,B12,120.1,94.8,0.9385,37.50%,37.90%,54,1.75,131
,,,3,21,,,,,,
7,Illinois,B10,118.2,93.8,0.9339,45.00%,41.20%,76.1,1.97,124
,,,9,12,,,,,,
8,St. John's,BE,118,93.8,0.9332,24.20%,22.30%,79.4,2.17,411
,,,10,11,,,,,,
9,UCLA,B10,118.2,94,0.933,43.00%,44.30%,74.8,2.28,208
,,,8,15,,,,,,
10,Connecticut,BE,118.9,95,0.9296,56.20%,53.80%,84.4,2.05,162
,,,7,23,,,,,,
11,Louisville,ACC,119.1,95.3,0.9287,31.90%,23.50%,37.2,2.12,245
,,,5,27,,,,,,
12,Arizona,B12,117.2,93.9,0.928,41.10%,34.40%,74.2,1.41,22
,,,14,14,,,,,,
13,Tennessee,SEC,114,91.4,0.9275,22.50%,17.30%,61.1,1.91,182
,,,40,2,,,,,,
14,North Carolina,ACC,116.6,93.8,0.9245,27.00%,22.80%,77.8,1.39,221
,,,17,10,,,,,,
15,Kentucky,SEC,115.6,93,0.9241,30.60%,32.30%,87.6,1.59,265
,,,25,9,,,,,,
16,Arkansas,SEC,115.9,93.9,0.9186,47.60%,42.70%,79.9,1.36,122
,,,22,13,,,,,,
17,Kansas,B12,113.5,92,0.9182,8.60%,6.70%,63.2,1.6,181
,,,44,5,,,,,,
18,Alabama,SEC,116.4,94.7,0.9146,36.10%,30.40%,76.6,1.25,93
,,,19,20,,,,,,
19,Ohio St.,B10,119.2,97.1,0.9137,49.80%,54.80%,68.9,2.09,171
,,,4,45,,,,,,
20,Iowa St.,B12,112.3,91.6,0.912,43.00%,40.90%,50,2.04,124
,,,54,4,,,,,,
21,Michigan St.,B10,113.5,92.8,0.9104,41.70%,38.40%,72.5,1.69,54
,,,46,7,,,,,,
22,Vanderbilt,SEC,117.9,96.4,0.9103,35.60%,29.60%,49.9,2.55,396
,,,12,37,,,,,,
23,Creighton,BE,117.9,96.5,0.9093,36.70%,27.30%,62.2,2,267
,,,11,38,,,,,,
24,USC,B10,115.7,95.1,0.9055,0.00%,0.00%,43.8,1.88,469
,,,24,24,,,,,,
25,Gonzaga,WCC,116.6,96.2,0.9018,26.60%,32.40%,45.9,2.45,193
,,,16,34,,,,,,
26,Auburn,SEC,115,95.2,0.8976,14.00%,16.30%,47.5,1.57,309
,,,28,25,,,,,,
27,Oregon,B10,114.3,94.6,0.8975,39.40%,43.50%,79.3,1.89,123
,,,36,19,,,,,,
28,Texas Tech,B12,115.7,96.3,0.8923,27.80%,30.50%,43.1,1.68,162
,,,23,35,,,,,,
29,Missouri,SEC,114.8,95.7,0.8905,35.90%,39.40%,82.4,2.01,147
,,,29,32,,,,,,
30,Wisconsin,B10,114.1,95.6,0.8838,32.40%,34.00%,37.4,1.78,165
,,,39,31,,,,,,
31,Oklahoma,SEC,115.2,96.6,0.8833,11.10%,9.80%,64,1.86,262
,,,27,40,,,,,,
32,Cincinnati,B12,112.5,94.4,0.8828,25.70%,33.70%,57.1,2.3,322
,,,51,17,,,,,,
33,Georgia,SEC,113.5,95.6,0.8787,31.40%,26.60%,66.5,1.5,231
,,,45,29,,,,,,
34,Baylor,B12,114.5,96.5,0.877,0.00%,0.00%,39.6,2.25,353
,,,32,39,,,,,,
35,Virginia,ACC,115.9,97.8,0.8758,0.00%,0.00%,45.9,2.1,400
,,,21,58,,,,,,
36,Texas,SEC,114.1,96.3,0.8757,35.40%,30.00%,63.6,2.37,215
,,,38,36,,,,,,
37,Texas A&M,SEC,114.6,96.8,0.8749,0.70%,0.40%,50.3,2.67,440
,,,31,41,,,,,,
38,Iowa,B10,115.6,97.7,0.8737,6.80%,1.80%,29,2.06,351
,,,26,56,,,,,,
39,N.C. State,ACC,116.5,98.6,0.8713,3.40%,4.10%,66.1,2.48,499
,,,18,68,,,,,,
40,Mississippi St.,SEC,114.4,96.9,0.8708,29.10%,29.00%,62.3,2.06,204
,,,33,42,,,,,,
41,Maryland,B10,111.4,94.5,0.8691,4.60%,3.80%,57.2,2.09,320
,,,59,18,,,,,,
42,Indiana,B10,114.3,97.2,0.8659,0.00%,0.00%,24.6,2.72,505
,,,35,46,,,,,,
43,Nebraska,B10,113.7,97.7,0.8519,36.00%,28.80%,42.1,2.67,198
,,,41,55,,,,,,
44,San Diego St.,MWC,109.6,94.3,0.8483,61.90%,59.60%,38.4,2.28,163
,,,76,16,,,,,,
45,SMU,ACC,114.3,98.5,0.846,50.80%,52.80%,38.2,2.35,203
,,,37,65,,,,,,
46,Oklahoma St.,B12,113,97.5,0.844,20.90%,21.00%,50.2,1.97,449
,,,48,52,,,,,,
47,Mississippi,SEC,112.7,97.4,0.8424,15.30%,15.30%,56.4,1.89,268
,,,49,49,,,,,,
48,VCU,A10,109.4,94.9,0.8377,23.90%,17.40%,45.9,2.04,243
,,,77,22,,,,,,
49,Villanova,BE,112.5,97.6,0.8374,12.80%,8.90%,61.8,1.86,221
,,,52,54,,,,,,
50,Washington,B10,116.1,101,0.8324,21.70%,21.10%,56.6,1.91,545
,,,20,108,,,,,,
Rk,Team,Conf,AdjOE,AdjDE,Barthag,Ret Mins,RPMs,Talent,Exp.,Trans.
51,Marquette,BE,109.9,95.8,0.8299,53.80%,43.90%,64.3,1.85,0
,,,72,33,,,,,,
52,Boise St.,MWC,111.9,97.5,0.8296,47.20%,40.00%,36.6,2.06,117
,,,55,53,,,,,,
53,Clemson,ACC,109.7,95.6,0.8294,10.90%,6.70%,41.5,2.44,307
,,,75,30,,,,,,
54,Miami FL,ACC,114.4,99.9,0.8256,0.00%,0.00%,86.5,1.82,427
,,,34,90,,,,,,
55,Saint Mary's,WCC,109.3,95.5,0.8252,31.50%,35.90%,60,0.99,43
,,,81,28,,,,,,
56,Kansas St.,B12,111.2,97.2,0.8239,8.00%,6.70%,42.3,2.15,357
,,,60,47,,,,,,
57,West Virginia,B12,110.6,97.1,0.8177,0.00%,0.00%,26.8,2.6,340
,,,67,44,,,,,,
58,TCU,B12,110.9,97.4,0.8162,28.30%,27.10%,53.4,1.75,323
,,,62,50,,,,,,
59,Providence,BE,113.6,99.9,0.8153,41.20%,36.00%,41.5,2.34,386
,,,42,89,,,,,,
60,George Washington,A10,113.6,100.2,0.8096,51.40%,48.40%,19.4,2.12,283
,,,43,96,,,,,,
61,Utah,B12,111.7,98.5,0.8082,9.00%,8.60%,31,1.94,336
,,,57,66,,,,,,
62,Xavier,BE,110.5,97.8,0.8038,1.50%,1.80%,33.2,1.99,321
,,,69,57,,,,,,
63,South Florida,Amer,112.4,99.5,0.8026,18.10%,14.70%,43.5,2.62,369
,,,53,79,,,,,,
64,Syracuse,ACC,114.8,101.7,0.8,26.50%,25.90%,59.1,1.69,255
,,,30,119,,,,,,
65,Utah St.,MWC,113.4,100.7,0.7963,48.50%,49.60%,13.2,2.44,184
,,,47,103,,,,,,
66,San Francisco,WCC,109.3,97.4,0.7901,42.00%,35.20%,26.5,2.05,186
,,,79,48,,,,,,
67,Notre Dame,ACC,110.8,99,0.7843,53.50%,55.30%,66.1,1.68,52
,,,66,72,,,,,,
68,LSU,SEC,111.7,100,0.7803,18.40%,8.90%,51.5,2.24,302
,,,56,94,,,,,,
69,Northwestern,B10,108.3,97.1,0.7782,49.70%,47.50%,32.7,1.95,117
,,,93,43,,,,,,
70,Arizona St.,B12,110,98.8,0.7752,2.20%,1.60%,28.1,2.25,309
,,,71,69,,,,,,
71,DePaul,BE,111.6,100.3,0.7735,35.90%,40.50%,44.6,2.4,240
,,,58,98,,,,,,
72,Georgetown,BE,110.8,99.6,0.7735,30.80%,27.40%,59.6,2.15,342
,,,65,82,,,,,,
73,Memphis,Amer,109.3,98.3,0.7715,0.00%,0.00%,52.2,2.29,577
,,,82,63,,,,,,
74,UNLV,MWC,110.8,99.9,0.7669,1.90%,1.50%,44.2,2.08,350
,,,64,91,,,,,,
75,Virginia Tech,ACC,111.1,100.3,0.7651,46.50%,44.40%,50.3,1.73,212
,,,61,97,,,,,,
76,Pittsburgh,ACC,110.9,100.1,0.7644,24.50%,22.40%,62.2,2.03,243
,,,63,95,,,,,,
77,Saint Louis,A10,110.6,100.8,0.745,47.70%,45.90%,20.3,2.33,315
,,,68,105,,,,,,
78,Butler,BE,110.5,100.9,0.7411,15.20%,14.40%,42.3,2.1,247
,,,70,107,,,,,,
79,Wake Forest,ACC,109.2,99.8,0.738,11.10%,9.60%,38,1.92,300
,,,84,86,,,,,,
80,UCF,B12,108.7,99.4,0.7361,0.00%,0.10%,45.2,2.49,370
,,,86,77,,,,,,
81,Minnesota,B10,109.2,100,0.7332,12.10%,9.00%,11.1,2.06,349
,,,83,93,,,,,,
82,Florida St.,ACC,108.4,99.5,0.7298,10.10%,7.60%,28.1,1.83,275
,,,91,78,,,,,,
83,Georgia Tech,ACC,107.2,98.4,0.7287,26.30%,27.60%,81.3,1.44,184
,,,104,64,,,,,,
84,Grand Canyon,MWC,108.3,99.7,0.7211,19.90%,19.60%,35.1,2.48,327
,,,94,84,,,,,,
85,California,ACC,109.9,101.4,0.7145,32.40%,27.30%,40.1,2.74,283
,,,73,114,,,,,,
86,Santa Clara,WCC,108,99.8,0.7132,29.80%,27.60%,42.7,1.7,83
,,,96,88,,,,,,
87,Colorado St.,MWC,106.9,98.8,0.712,17.70%,15.90%,25.9,1.97,226
,,,112,70,,,,,,
88,Liberty,CUSA,106.6,98.6,0.7119,45.50%,42.50%,22.3,2.35,57
,,,115,67,,,,,,
89,Loyola Chicago,A10,107.7,99.6,0.711,34.90%,24.80%,33.7,2.27,254
,,,98,83,,,,,,
90,New Mexico,MWC,105.9,98.1,0.7067,0.00%,0.00%,27.2,2.27,251
,,,130,61,,,,,,
91,Yale,Ivy,108.6,100.7,0.7034,62.20%,56.40%,10.8,1.93,0
,,,88,104,,,,,,
92,North Texas,Amer,105,97.5,0.6998,0.10%,0.10%,18.4,2.35,331
,,,140,51,,,,,,
93,Akron,MAC,109.8,102.3,0.6931,40.30%,41.80%,14.7,2.43,115
,,,74,127,,,,,,
94,Rutgers,B10,106.3,99.1,0.6913,24.50%,15.80%,43.3,1.64,131
,,,123,73,,,,,,
95,Illinois St.,MVC,112.6,105.1,0.6888,56.60%,61.40%,4.6,2.26,42
,,,50,192,,,,,,
96,Oregon St.,WCC,109,101.9,0.6862,28.40%,21.50%,2.3,2.11,233
,,,85,123,,,,,,
97,Dayton,A10,106.5,99.6,0.6857,31.70%,28.20%,14.5,1.75,191
,,,117,81,,,,,,
98,Colorado,B12,105.7,98.8,0.6847,22.60%,22.10%,47.4,0.9,72
,,,133,71,,,,,,
99,Saint Joseph's,A10,104.6,97.9,0.682,48.60%,40.30%,52.2,1.85,131
,,,144,60,,,,,,
100,Stanford,ACC,106.1,99.5,0.6764,53.80%,41.30%,43.4,1.65,0
,,,124,80,,,,,,
Rk,Team,Conf,AdjOE,AdjDE,Barthag,Ret Mins,RPMs,Talent,Exp.,Trans.
101,Bradley,MVC,107.1,100.5,0.6742,28.20%,29.20%,11.2,2.15,124
,,,107,100,,,,,,
102,George Mason,A10,105.8,99.4,0.6727,14.50%,14.30%,13.2,2.59,322
,,,132,75,,,,,,
103,McNeese St.,Slnd,104.1,97.8,0.672,18.40%,15.20%,37.6,1.9,226
,,,156,59,,,,,,
104,Boston College,ACC,109.3,102.8,0.6707,36.30%,37.80%,60.4,1.85,214
,,,78,140,,,,,,
105,Northern Iowa,MVC,106.9,100.6,0.6682,72.10%,59.00%,22.1,2.2,39
,,,109,102,,,,,,
106,South Carolina,SEC,106.6,100.3,0.6671,18.30%,9.60%,57.8,2.36,276
,,,116,99,,,,,,
107,Miami OH,MAC,108.5,102.4,0.6617,66.70%,65.60%,10.6,1.91,38
,,,89,132,,,,,,
108,UC Irvine,BW,104.1,98.2,0.6609,30.40%,23.20%,13.5,1.19,94
,,,155,62,,,,,,
109,Duquesne,A10,107.4,101.8,0.6491,60.20%,55.10%,9.7,2.63,140
,,,103,121,,,,,,
110,High Point,BSth,107.5,102,0.6464,4.20%,3.20%,15.4,2.64,433
,,,101,124,,,,,,
111,Belmont,MVC,108.3,102.9,0.6441,47.60%,37.90%,4.2,2.06,65
,,,92,141,,,,,,
112,Seton Hall,BE,107.1,101.8,0.642,15.00%,10.60%,30.3,2.45,471
,,,106,120,,,,,,
113,UC Santa Barbara,BW,109.3,104.2,0.6342,29.90%,27.30%,48.9,2.18,240
,,,80,169,,,,,,
114,Penn St.,B10,104.3,99.4,0.6335,15.80%,17.00%,69.2,1.12,33
,,,150,76,,,,,,
115,Kennesaw St.,CUSA,106.9,102.2,0.6265,63.70%,60.60%,22.9,1.95,80
,,,111,125,,,,,,
116,Tulane,Amer,107.5,102.9,0.6214,57.90%,63.60%,51.5,2.13,160
,,,102,143,,,,,,
117,Seattle,WCC,103,99.3,0.6051,54.90%,51.00%,12.6,2.39,55
,,,180,74,,,,,,
118,New Mexico St.,CUSA,106.1,102.4,0.6005,8.50%,7.00%,0,2.56,301
,,,127,130,,,,,,
119,UNC Wilmington,CAA,106.1,102.6,0.5956,34.50%,27.50%,11.9,2.73,297
,,,126,137,,,,,,
120,Abilene Christian,WAC,104,100.6,0.595,53.80%,52.80%,22,2.36,21
,,,157,101,,,,,,
121,Hawaii,BW,106.1,102.7,0.5933,17.90%,15.60%,5.1,2.6,331
,,,125,139,,,,,,
122,Wichita St.,Amer,105.8,102.4,0.5931,1.30%,1.10%,4.4,2.2,346
,,,131,133,,,,,,
123,Utah Valley,WAC,103.1,100,0.5886,27.30%,22.00%,4.7,1.79,206
,,,178,92,,,,,,
124,UAB,Amer,104.9,101.8,0.5857,0.50%,0.10%,27.2,2.36,363
,,,141,122,,,,,,
125,Arkansas St.,SB,103.9,100.8,0.5851,0.00%,0.00%,10.6,2.06,294
,,,161,106,,,,,,
126,Radford,BSth,107.9,104.7,0.5842,4.30%,5.90%,27.6,2.11,398
,,,97,182,,,,,,
127,Temple,Amer,108,104.9,0.5842,30.80%,22.70%,34.8,2.48,378
,,,95,186,,,,,,
128,Murray St.,MVC,105.5,102.5,0.5826,0.20%,0.10%,41.2,2.2,349
,,,136,134,,,,,,
129,Kent St.,MAC,104.2,101.4,0.5783,36.40%,33.20%,15.4,2.12,148
,,,152,113,,,,,,
130,Richmond,A10,107.6,104.7,0.5782,53.80%,51.10%,4.1,2.61,272
,,,100,180,,,,,,
131,St. Thomas,Sum,106.9,104,0.5779,41.50%,40.60%,16.3,1.31,43
,,,110,161,,,,,,
132,Nevada,MWC,102.3,99.8,0.5725,16.70%,14.10%,20.8,2.11,224
,,,201,87,,,,,,
133,Loyola Marymount,WCC,105.2,102.6,0.5695,18.10%,15.40%,33.1,2.01,226
,,,139,138,,,,,,
134,Towson,CAA,105.7,103.2,0.5683,42.20%,43.80%,3.2,2.26,154
,,,134,145,,,,,,
135,St. Bonaventure,A10,103.5,101.1,0.5678,16.80%,7.20%,12.8,1.95,179
,,,167,109,,,,,,
136,Drake,MVC,101.9,99.7,0.5616,0.60%,0.50%,14.4,1.77,164
,,,210,85,,,,,,
137,James Madison,SB,106.3,104.1,0.5614,17.20%,11.80%,29.2,2.26,379
,,,121,163,,,,,,
138,Southern Illinois,MVC,104.2,102.2,0.555,42.70%,32.80%,19.6,2.25,271
,,,153,126,,,,,,
139,Tulsa,Amer,107.6,105.7,0.55,11.00%,9.10%,8.7,2.21,503
,,,99,209,,,,,,
140,Charleston,CAA,106.4,104.7,0.5458,13.00%,3.30%,6.1,2.14,448
,,,120,181,,,,,,
141,UTSA,Amer,108.5,106.8,0.5448,46.20%,44.30%,24.1,2.59,452
,,,90,242,,,,,,
142,UC San Diego,BW,102.7,101.3,0.5398,9.20%,6.50%,9.7,1.79,201
,,,194,112,,,,,,
143,Ohio,MAC,106.5,105.1,0.5394,46.00%,40.60%,8.9,2.54,157
,,,118,191,,,,,,
144,Troy,SB,102.9,101.5,0.5392,38.50%,33.70%,0,1.55,39
,,,187,116,,,,,,
145,Middle Tennessee,CUSA,102.6,101.5,0.5318,31.20%,25.30%,18.2,2.21,190
,,,195,115,,,,,,
146,San Diego,WCC,108.7,107.6,0.5273,19.70%,12.80%,30.5,2.7,455
,,,87,265,,,,,,
147,Nebraska Omaha,Sum,106.8,105.8,0.5255,68.60%,58.40%,0,2.79,98
,,,114,213,,,,,,
148,Furman,SC,106,105.3,0.5186,56.00%,47.60%,14.6,2,38
,,,128,200,,,,,,
149,UTEP,CUSA,103.1,102.6,0.5142,13.60%,11.10%,0.1,2.28,303
,,,179,136,,,,,,
150,Fordham,A10,107.2,106.7,0.5118,2.60%,1.60%,9.6,2.69,410
,,,105,240,,,,,,
Rk,Team,Conf,AdjOE,AdjDE,Barthag,Ret Mins,RPMs,Talent,Exp.,Trans.
151,South Dakota St.,Sum,104.9,104.4,0.5116,58.40%,55.00%,16.5,1.72,34
,,,142,173,,,,,,
152,Washington St.,WCC,103.3,102.9,0.5111,30.80%,18.10%,11.9,1.65,108
,,,171,142,,,,,,
153,Jacksonville St.,CUSA,102.5,102.3,0.5043,18.50%,6.80%,0,2.68,160
,,,199,129,,,,,,
154,Iona,MAAC,106.8,106.6,0.504,8.30%,5.90%,35.1,2.27,335
,,,113,236,,,,,,
155,Louisiana Tech,CUSA,101.1,101.1,0.4997,26.40%,20.90%,24.6,1.71,179
,,,227,110,,,,,,
156,Davidson,A10,103.7,103.8,0.4973,30.70%,17.00%,22.4,1.68,176
,,,163,153,,,,,,
157,Harvard,Ivy,104,104.1,0.4972,76.80%,75.80%,13.5,1.56,0
,,,158,164,,,,,,
158,Siena,MAAC,106.4,106.8,0.4896,72.30%,71.00%,18.4,2.19,56
,,,119,243,,,,,,
159,Western Kentucky,CUSA,104.7,105.1,0.4886,11.90%,5.90%,12.2,2.48,281
,,,143,195,,,,,,
160,Southeast Missouri St.,OVC,102.8,103.3,0.4873,62.00%,54.80%,8.6,2.52,58
,,,191,146,,,,,,
161,Rhode Island,A10,103,103.6,0.4848,0.00%,0.00%,7.4,2.41,372
,,,181,150,,,,,,
162,Wyoming,MWC,104.4,105.1,0.482,26.20%,18.60%,9.9,2.4,296
,,,147,194,,,,,,
163,Illinois Chicago,MVC,103.2,103.9,0.4805,12.20%,15.30%,13.1,2.38,296
,,,176,158,,,,,,
164,Chattanooga,SC,104.3,105.2,0.4756,21.20%,22.30%,0,2.41,227
,,,149,198,,,,,,
165,Florida Gulf Coast,ASun,102.9,103.8,0.4753,43.90%,35.60%,31.9,1.95,89
,,,185,154,,,,,,
166,Florida Atlantic,Amer,103.2,104.1,0.4749,14.80%,12.90%,50.3,1.1,189
,,,175,166,,,,,,
167,Campbell,CAA,105.2,106.4,0.4676,25.70%,21.30%,0,2.82,421
,,,138,231,,,,,,
168,Brown,Ivy,100.1,101.2,0.4661,57.50%,51.20%,8.3,1.88,0
,,,250,111,,,,,,
169,Eastern Kentucky,ASun,104.5,105.9,0.4641,27.10%,19.70%,14.1,1.8,170
,,,145,216,,,,,,
170,Missouri St.,CUSA,102.5,103.9,0.4608,32.80%,32.50%,4.7,2.06,147
,,,200,157,,,,,,
171,Cornell,Ivy,106.3,108.2,0.4503,55.30%,42.70%,5.3,2.36,59
,,,122,284,,,,,,
172,FIU,CUSA,103.6,105.4,0.4488,13.50%,13.20%,0,2.4,343
,,,164,204,,,,,,
173,Massachusetts,MAC,102.3,104.2,0.4487,26.10%,19.10%,10.3,2.55,329
,,,202,168,,,,,,
174,Old Dominion,SB,105.9,107.8,0.4473,45.30%,39.00%,18.8,2.52,331
,,,129,270,,,,,,
175,North Alabama,ASun,102.7,104.6,0.447,38.70%,32.60%,6.9,1.84,79
,,,192,179,,,,,,
176,East Tennessee St.,SC,103,105,0.4452,24.90%,20.30%,5.4,2.39,316
,,,182,189,,,,,,
177,William & Mary,CAA,105.4,107.6,0.4423,33.30%,30.80%,0,2.72,228
,,,137,260,,,,,,
178,Winthrop,BSth,101.5,103.6,0.4414,13.10%,9.30%,14.4,2.66,272
,,,216,151,,,,,,
179,Idaho,BSky,107,109.3,0.4401,62.70%,66.30%,6.8,2.24,92
,,,108,306,,,,,,
180,Princeton,Ivy,101.9,104.1,0.439,56.90%,54.80%,20.6,1.62,0
,,,209,165,,,,,,
181,Jackson St.,SWAC,103.5,105.9,0.4339,61.70%,58.40%,27.4,2.15,82
,,,165,218,,,,,,
182,Robert Morris,Horz,102.9,105.3,0.4333,25.60%,21.50%,4.6,2.1,224
,,,190,201,,,,,,
183,South Alabama,SB,99.2,101.6,0.4323,38.50%,26.60%,7.7,2.2,92
,,,271,117,,,,,,
184,Hampton,CAA,102,104.6,0.4299,36.10%,28.10%,11.5,2.42,237
,,,207,177,,,,,,
185,Monmouth,CAA,104,106.6,0.4289,46.90%,38.00%,8.8,2.32,122
,,,159,235,,,,,,
186,Bethune Cookman,SWAC,104.1,107.2,0.4181,32.30%,28.40%,7.4,2.73,505
,,,154,247,,,,,,
187,Cal Baptist,WAC,101.3,104.3,0.4159,32.00%,40.00%,0,1.84,91
,,,221,171,,,,,,
188,Marist,MAAC,99.3,102.3,0.4153,66.30%,65.30%,0,2.29,69
,,,269,128,,,,,,
189,Stephen F. Austin,Slnd,99.4,102.4,0.415,31.60%,30.30%,0,2.03,140
,,,268,131,,,,,,
190,Cal St. Northridge,BW,101.7,105,0.4115,8.40%,8.20%,32.7,2.33,235
,,,212,187,,,,,,
191,Southern,SWAC,99.9,103.1,0.4083,35.90%,42.40%,0,2.27,62
,,,256,144,,,,,,
192,Dartmouth,Ivy,100.6,103.9,0.4081,57.10%,54.90%,0,1.86,0
,,,236,156,,,,,,
193,Lamar,Slnd,100.1,103.4,0.4076,41.20%,30.30%,0,2.05,31
,,,246,149,,,,,,
194,Vermont,AE,101.4,104.8,0.4046,40.10%,34.40%,0,2.43,248
,,,218,183,,,,,,
195,East Carolina,Amer,100.3,103.8,0.4032,24.20%,15.80%,10.1,1.98,158
,,,240,155,,,,,,
196,Manhattan,MAAC,105.5,109.2,0.4027,54.90%,53.10%,0,1.68,109
,,,135,303,,,,,,
197,Incarnate Word,Slnd,104.2,107.9,0.4025,35.30%,25.20%,0,2.3,247
,,,151,272,,,,,,
198,La Salle,A10,102.7,106.3,0.4022,7.50%,4.20%,7.4,2.42,452
,,,193,228,,,,,,
199,Navy,Pat,103.3,107,0.4001,85.60%,87.10%,0,2.5,0
,,,170,246,,,,,,
200,Fresno St.,MWC,102.9,106.6,0.3998,34.90%,26.80%,5.3,1.87,111
,,,189,234,,,,,,
Rk,Team,Conf,AdjOE,AdjDE,Barthag,Ret Mins,RPMs,Talent,Exp.,Trans.
201,Georgia Southern,SB,103,106.7,0.3997,14.00%,17.90%,9.1,2.42,282
,,,183,237,,,,,,
202,Sacred Heart,MAAC,104.4,108.1,0.3991,56.50%,49.80%,0,2.04,108
,,,148,282,,,,,,
203,Youngstown St.,Horz,100.8,104.5,0.3981,23.90%,23.50%,5.2,2.82,274
,,,231,175,,,,,,
204,Wright St.,Horz,102.2,106.1,0.3951,40.50%,30.40%,2.4,2.01,142
,,,204,221,,,,,,
205,Marshall,SB,99.9,103.7,0.393,13.40%,8.70%,8.7,2.11,133
,,,255,152,,,,,,
206,UT Arlington,WAC,102.3,106.3,0.3925,14.20%,16.50%,23.4,1.84,264
,,,203,226,,,,,,
207,Texas A&M Corpus Chris,Slnd,98.6,102.5,0.3912,23.80%,13.80%,1.8,2.5,153
,,,288,135,,,,,,
208,Evansville,MVC,100.1,104,0.3905,32.90%,28.60%,28.4,2.01,177
,,,248,160,,,,,,
209,San Jose St.,MWC,101,105,0.3876,11.50%,7.60%,24.9,1.58,171
,,,229,190,,,,,,
210,Montana St.,BSky,101,105.2,0.3843,21.30%,19.30%,16,2.15,186
,,,228,199,,,,,,
211,Quinnipiac,MAAC,100.5,104.9,0.379,33.50%,39.40%,12.9,1.6,128
,,,238,184,,,,,,
212,Charlotte,Amer,102.9,107.5,0.3771,4.00%,4.10%,26,2.53,363
,,,186,257,,,,,,
213,Ball St.,MAC,103.4,108.2,0.3731,10.80%,6.60%,11.8,2.32,398
,,,168,285,,,,,,
214,Northeastern,CAA,101.6,106.3,0.373,46.60%,37.90%,0,2.16,82
,,,215,225,,,,,,
215,Bowling Green,MAC,99.9,104.6,0.3696,26.90%,23.40%,10.1,2.4,174
,,,257,178,,,,,,
216,Longwood,BSth,102.5,107.4,0.3695,36.50%,29.40%,34.9,2.25,216
,,,197,254,,,,,,
217,Northwestern St.,Slnd,101.3,106.1,0.3693,53.40%,46.10%,0,2.42,130
,,,220,223,,,,,,
218,Northern Arizona,BSky,103.3,108.3,0.3685,48.50%,37.70%,0,2.56,159
,,,169,289,,,,,,
219,Rice,Amer,102.6,107.5,0.3679,17.90%,16.60%,6.8,2.39,241
,,,196,258,,,,,,
220,Appalachian St.,SB,97,101.7,0.3673,23.80%,18.50%,4.2,2.26,192
,,,316,118,,,,,,
221,Louisiana,SB,103.1,108.2,0.3651,14.10%,13.40%,33.7,1.83,336
,,,177,287,,,,,,
222,Montana,BSky,101.3,106.4,0.3643,33.00%,39.70%,12.6,1.86,154
,,,219,230,,,,,,
223,Little Rock,OVC,100.1,105.1,0.3624,35.30%,27.10%,22.8,1.76,141
,,,247,196,,,,,,
224,Pacific,WCC,102.9,108.1,0.3622,0.00%,0.00%,8.7,2.55,408
,,,184,281,,,,,,
225,Indiana St.,MVC,103.2,108.5,0.362,41.00%,33.30%,0,1.85,54
,,,174,292,,,,,,
226,SIU Edwardsville,OVC,99.3,104.4,0.3581,56.20%,47.30%,7,2.5,147
,,,270,172,,,,,,
227,Cal St. Bakersfield,BW,103.2,108.6,0.3577,22.40%,19.60%,0,2.29,215
,,,173,294,,,,,,
228,Cal Poly,BW,103.3,108.7,0.3576,44.10%,35.60%,2.1,1.61,57
,,,172,297,,,,,,
229,Lipscomb,ASun,98.8,104.1,0.356,29.80%,24.10%,0,2.39,0
,,,283,162,,,,,,
230,Merrimack,MAAC,98.2,103.4,0.3555,13.30%,11.60%,0,1.97,153
,,,296,148,,,,,,
231,Bryant,AE,99.2,104.5,0.3549,12.70%,8.70%,31.1,2.15,151
,,,273,174,,,,,,
232,Northern Colorado,BSky,100.8,106.3,0.354,17.10%,16.20%,0,1.86,112
,,,230,227,,,,,,
233,Samford,SC,101.3,106.8,0.3534,9.90%,7.80%,4.3,1.88,184
,,,224,241,,,,,,
234,North Dakota St.,Sum,100.3,105.7,0.3519,19.60%,15.00%,0,1.82,145
,,,243,211,,,,,,
235,Hofstra,CAA,97.8,103.3,0.3486,27.10%,30.20%,0,2.51,170
,,,301,147,,,,,,
236,Wofford,SC,100.7,106.5,0.3447,17.50%,10.00%,0,1.3,124
,,,235,232,,,,,,
237,Coastal Carolina,SB,103.8,109.9,0.3418,38.60%,33.30%,8.6,2.18,192
,,,162,315,,,,,,
238,Columbia,Ivy,104.5,110.6,0.341,70.70%,69.00%,7.5,2.17,50
,,,146,332,,,,,,
239,Milwaukee,Horz,100.1,106.1,0.3397,21.80%,14.10%,11,2.48,165
,,,245,220,,,,,,
240,Austin Peay,ASun,101.3,107.4,0.3374,56.00%,41.00%,20.7,2.37,134
,,,223,253,,,,,,
241,Queens,ASun,101.2,107.3,0.3362,36.10%,34.40%,10.6,1.49,111
,,,226,252,,,,,,
242,Houston Christian,Slnd,101.8,108,0.3361,30.70%,31.10%,8.7,2.54,236
,,,211,274,,,,,,
243,Toledo,MAC,103.9,110.3,0.3356,22.80%,23.40%,28.4,1.9,256
,,,160,323,,,,,,
244,Jacksonville,ASun,99.1,105.2,0.3353,33.00%,14.90%,18.5,1.75,129
,,,275,197,,,,,,
245,Sam Houston St.,CUSA,99.7,105.8,0.335,16.10%,12.00%,19.6,1.75,148
,,,263,212,,,,,,
246,Texas St.,SB,99.6,105.7,0.3345,25.90%,19.50%,0,2.28,225
,,,265,210,,,,,,
247,Cleveland St.,Horz,98.8,104.9,0.3341,0.00%,0.00%,11.1,2.59,311
,,,286,185,,,,,,
248,Oakland,Horz,101.3,107.6,0.3328,13.30%,9.10%,0.8,2.35,276
,,,225,261,,,,,,
249,Colgate,Pat,101.7,108.2,0.3285,60.80%,59.40%,0,1.94,43
,,,213,286,,,,,,
250,Boston University,Pat,100.7,107.3,0.3266,75.20%,68.20%,0,2.04,0
,,,232,251,,,,,,
Rk,Team,Conf,AdjOE,AdjDE,Barthag,Ret Mins,RPMs,Talent,Exp.,Trans.
251,Sacramento St.,BSky,103.5,110.3,0.3247,19.90%,5.30%,16.5,1.82,416
,,,166,325,,,,,,
252,Purdue Fort Wayne,Horz,99.1,105.6,0.3245,24.80%,20.20%,0,1.9,112
,,,277,208,,,,,,
253,Texas Southern,SWAC,97.6,104.2,0.3214,43.80%,31.20%,4.2,2.8,104
,,,305,167,,,,,,
254,UT Rio Grande Valley,Slnd,100.1,106.8,0.3199,38.50%,31.40%,0,2.2,206
,,,249,244,,,,,,
255,Green Bay,Horz,102.9,109.9,0.3193,53.00%,47.50%,0,2.01,195
,,,188,316,,,,,,
256,Presbyterian,BSth,100.5,107.5,0.3152,33.30%,25.40%,0,1.32,91
,,,237,259,,,,,,
257,Southeastern Louisiana,Slnd,99.1,106.3,0.3086,35.70%,26.60%,0,2.04,90
,,,274,229,,,,,,
258,UC Davis,BW,98.1,105.3,0.3078,42.00%,27.60%,18.6,1.86,147
,,,297,202,,,,,,
259,Elon,CAA,99.7,107.2,0.3028,11.50%,6.30%,9.9,2.2,228
,,,261,250,,,,,,
260,Grambling St.,SWAC,99.9,107.4,0.3026,13.60%,10.20%,4.1,2.88,407
,,,252,255,,,,,,
261,Charleston Southern,BSth,98.3,105.8,0.3002,17.30%,12.20%,3.7,2.22,170
,,,291,214,,,,,,
262,Mount St. Mary's,MAAC,100.1,107.8,0.2996,15.60%,14.90%,2.1,2.31,199
,,,244,269,,,,,,
263,Drexel,CAA,96.5,103.9,0.2989,38.80%,34.90%,4.6,1.57,45
,,,321,159,,,,,,
264,Mercer,SC,97.6,105.1,0.2984,14.60%,8.70%,17.4,1.87,193
,,,306,193,,,,,,
265,Portland,WCC,101.3,109.3,0.295,14.80%,12.40%,0,2.25,244
,,,222,305,,,,,,
266,Tarleton St.,WAC,98,105.8,0.293,35.50%,18.80%,14.9,1.89,198
,,,298,215,,,,,,
267,Delaware,CUSA,100.7,108.8,0.2912,27.80%,20.40%,24.8,2.2,115
,,,234,298,,,,,,
268,Utah Tech,WAC,100.4,108.6,0.288,31.10%,28.00%,0,1.95,167
,,,239,295,,,,,,
269,VMI,SC,99.8,108,0.2873,72.80%,63.80%,2.7,1.69,18
,,,258,276,,,,,,
270,Lehigh,Pat,99.9,108.1,0.2869,57.20%,52.30%,0,1.46,0
,,,253,279,,,,,,
271,UNC Greensboro,SC,98,106.1,0.2865,1.40%,1.10%,6.1,1.92,153
,,,299,222,,,,,,
272,Southern Utah,WAC,98.6,106.7,0.2861,25.60%,18.70%,11.4,2.8,253
,,,289,238,,,,,,
273,Central Michigan,MAC,99.7,108,0.2838,10.20%,4.90%,9.7,1.56,179
,,,262,275,,,,,,
274,Tennessee St.,OVC,97.8,106.2,0.2793,36.20%,31.80%,7.1,1.79,3
,,,302,224,,,,,,
275,UNC Asheville,BSth,99.5,108.1,0.2785,24.20%,13.80%,5.3,1.92,112
,,,266,278,,,,,,
276,Lafayette,Pat,97.5,106,0.2771,63.60%,57.00%,1.6,1.71,29
,,,308,219,,,,,,
277,Nicholls St.,Slnd,95.9,104.3,0.2752,29.20%,22.20%,10.8,2.37,106
,,,332,170,,,,,,
278,Valparaiso,MVC,98.9,107.7,0.2728,5.50%,5.70%,12.7,1.43,139
,,,281,267,,,,,,
279,Georgia St.,SB,98.9,107.8,0.2722,34.60%,28.00%,27.5,1.08,105
,,,280,268,,,,,,
280,UC Riverside,BW,98.7,107.6,0.2717,0.00%,0.00%,0,2.34,271
,,,287,262,,,,,,
281,South Dakota,Sum,102,111.2,0.2696,38.70%,32.90%,12.5,1.97,82
,,,208,340,,,,,,
282,Bucknell,Pat,97.6,106.5,0.269,48.80%,38.40%,0,2.11,16
,,,303,233,,,,,,
283,Weber St.,BSky,99.5,108.6,0.2675,40.30%,32.90%,6.5,1.72,118
,,,267,293,,,,,,
284,Penn,Ivy,102.2,111.7,0.2644,59.80%,55.20%,14.7,2.26,98
,,,206,347,,,,,,
285,Saint Peter's,MAAC,96.4,105.4,0.2634,41.30%,33.50%,5.4,1.84,121
,,,323,203,,,,,,
286,American,Pat,98.8,108.1,0.2633,49.40%,42.30%,0,1.63,0
,,,282,277,,,,,,
287,Northern Kentucky,Horz,97.6,106.7,0.2628,20.40%,20.80%,0,2.13,131
,,,307,239,,,,,,
288,Southern Indiana,OVC,102.2,111.9,0.2608,16.20%,9.50%,20.2,2.65,460
,,,205,348,,,,,,
289,Stony Brook,CAA,101.4,111.2,0.2571,22.50%,19.40%,7.4,2.02,253
,,,217,339,,,,,,
290,Northern Illinois,MAC,100.3,110.1,0.2554,8.50%,0.40%,13.9,1.62,311
,,,242,319,,,,,,
291,Detroit Mercy,Horz,99.2,108.9,0.2544,69.50%,69.30%,6,1.83,33
,,,272,300,,,,,,
292,New Orleans,Slnd,101.6,111.6,0.2536,18.30%,18.10%,0,2.11,329
,,,214,345,,,,,,
293,Eastern Washington,BSky,99.8,109.7,0.2516,30.20%,22.60%,8.2,2.53,116
,,,260,314,,,,,,
294,Norfolk St.,MEAC,98.2,108,0.251,5.00%,3.20%,2.3,2.38,306
,,,295,273,,,,,,
295,Lindenwood,OVC,97.5,107.2,0.2503,29.10%,24.50%,0,1.54,153
,,,309,249,,,,,,
296,Morehead St.,OVC,98.3,108.4,0.2458,21.90%,20.00%,0,2.04,241
,,,292,290,,,,,,
297,Eastern Illinois,OVC,96.9,106.9,0.2447,43.80%,36.60%,0,2.15,169
,,,318,245,,,,,,
298,Fairfield,MAAC,100.3,110.6,0.2443,38.50%,35.40%,0,2.4,201
,,,241,331,,,,,,
299,Central Connecticut,NEC,94.7,104.5,0.2429,16.40%,12.50%,0,1.62,120
,,,346,176,,,,,,
300,Western Carolina,SC,97.4,107.6,0.2424,57.30%,51.30%,2.1,2.27,119
,,,310,263,,,,,,
Rk,Team,Conf,AdjOE,AdjDE,Barthag,Ret Mins,RPMs,Talent,Exp.,Trans.
301,South Carolina St.,MEAC,95.5,105.5,0.24,31.00%,25.60%,0,1.75,85
,,,337,206,,,,,,
302,Tennessee Tech,OVC,99.1,109.7,0.2378,17.30%,13.30%,7.6,2.21,194
,,,276,310,,,,,,
303,Western Michigan,MAC,98.8,109.4,0.2375,20.10%,13.90%,15.1,1.49,174
,,,285,307,,,,,,
304,Eastern Michigan,MAC,99.6,110.3,0.2365,3.20%,2.20%,7.3,2.57,345
,,,264,324,,,,,,
305,LIU,NEC,97.2,107.6,0.2361,21.70%,13.60%,0,1.65,190
,,,312,266,,,,,,
306,Air Force,MWC,97.6,108.1,0.2357,35.70%,39.30%,0,1.15,0
,,,304,280,,,,,,
307,Loyola MD,Pat,99,109.7,0.2356,62.80%,58.70%,0,1.69,34
,,,278,312,,,,,,
308,Albany,AE,98.8,109.5,0.234,17.60%,12.80%,19.4,2.08,279
,,,284,309,,,,,,
309,Alabama A&M,SWAC,100,110.8,0.2337,11.70%,12.30%,0,2.5,320
,,,251,336,,,,,,
310,Wagner,NEC,95.5,105.9,0.2328,11.50%,6.20%,0,1.74,247
,,,338,217,,,,,,
311,UMKC,Sum,95.1,105.6,0.2309,22.70%,20.80%,0,2.23,154
,,,343,207,,,,,,
312,Portland St.,BSky,94.5,105,0.2303,5.20%,3.40%,0,2.23,162
,,,348,188,,,,,,
313,Rider,MAAC,98.5,109.5,0.2265,26.20%,27.70%,13.8,1.93,169
,,,290,308,,,,,,
314,Stonehill,NEC,99,110.3,0.2239,42.10%,38.90%,0,2.38,253
,,,279,322,,,,,,
315,Pepperdine,WCC,96.4,107.5,0.2236,17.30%,11.20%,24.4,0.81,60
,,,322,256,,,,,,
316,Alabama St.,SWAC,97,108.1,0.2226,24.10%,16.70%,3.9,2.12,99
,,,317,283,,,,,,
317,Alcorn St.,SWAC,97.3,108.8,0.2168,25.70%,19.80%,1.3,2.39,153
,,,311,299,,,,,,
318,Southern Miss,SB,96.8,108.4,0.2136,5.10%,4.20%,9.1,2.09,383
,,,319,291,,,,,,
319,Maine,AE,94.1,105.5,0.2112,22.00%,17.60%,4.2,2.11,74
,,,349,205,,,,,,
320,UMBC,AE,99.9,112,0.2109,37.30%,30.50%,9.1,2.06,110
,,,254,350,,,,,,
321,Idaho St.,BSky,95.5,107.2,0.2092,18.30%,14.40%,0,1.24,48
,,,336,248,,,,,,
322,Long Beach St.,BW,97.1,109.1,0.2071,17.50%,9.80%,11.2,1.98,333
,,,314,302,,,,,,
323,Chicago St.,NEC,98.2,110.4,0.2066,28.30%,28.90%,1.1,2.39,211
,,,293,326,,,,,,
324,Bellarmine,ASun,102.5,115.3,0.2063,47.40%,44.20%,0,1.94,68
,,,198,364,,,,,,
325,Oral Roberts,Sum,98.2,110.5,0.2056,13.80%,8.90%,17.7,1.59,185
,,,294,327,,,,,,
326,Le Moyne,NEC,100.7,113.4,0.2036,48.50%,32.70%,0,2.32,185
,,,233,361,,,,,,
327,Denver,Sum,95.4,107.6,0.2013,11.60%,9.30%,0,2.04,138
,,,340,264,,,,,,
328,Holy Cross,Pat,99.8,112.7,0.1993,59.40%,45.40%,9.8,1.47,0
,,,259,358,,,,,,
329,North Dakota,Sum,96.1,109.2,0.1866,27.30%,20.50%,20.4,1.67,26
,,,326,304,,,,,,
330,Florida A&M,SWAC,95.8,109,0.1837,22.10%,16.80%,11.1,2.53,202
,,,334,301,,,,,,
331,USC Upstate,BSth,97.2,110.7,0.1824,64.70%,56.60%,6.4,1.84,72
,,,313,333,,,,,,
332,Howard,MEAC,95.3,108.7,0.1801,14.80%,7.40%,0,1.73,139
,,,341,296,,,,,,
333,Binghamton,AE,96.5,110.1,0.1798,15.00%,11.60%,10.9,1.78,248
,,,320,321,,,,,,
334,The Citadel,SC,97.9,112.3,0.172,48.20%,35.80%,0,1.89,74
,,,300,353,,,,,,
335,Gardner Webb,BSth,93.9,107.9,0.1687,10.50%,9.30%,0,1.77,196
,,,352,271,,,,,,
336,Buffalo,MAC,96.1,110.5,0.1676,39.40%,35.10%,30.8,1.44,150
,,,325,328,,,,,,
337,UMass Lowell,AE,97.1,111.6,0.1675,0.00%,0.00%,8.4,2.11,201
,,,315,344,,,,,,
338,NJIT,AE,95.9,110.6,0.1628,57.30%,47.80%,0,1.53,101
,,,328,330,,,,,,
339,Niagara,MAAC,95.5,110.1,0.1628,20.20%,13.60%,0,1.89,174
,,,339,320,,,,,,
340,Saint Francis,NEC,96.2,111,0.1624,11.90%,9.70%,0,2.14,183
,,,324,337,,,,,,
341,Tennessee Martin,OVC,95.9,110.7,0.1611,34.70%,26.80%,0,1.57,59
,,,330,334,,,,,,
342,North Carolina A&T,CAA,95.9,111.1,0.1561,37.00%,17.10%,6.2,1.55,66
,,,329,338,,,,,,
343,Morgan St.,MEAC,95.2,110.5,0.1516,30.30%,18.50%,0,2.51,105
,,,342,329,,,,,,
344,Canisius,MAAC,95.6,111.4,0.1481,23.40%,17.60%,2,2.35,307
,,,335,342,,,,,,
345,New Hampshire,AE,96.1,111.9,0.1471,28.00%,17.50%,9,1.79,158
,,,327,349,,,,,,
346,Cal St. Fullerton,BW,92.9,108.3,0.1467,11.80%,9.70%,2.5,1.86,221
,,,360,288,,,,,,
347,Texas A&M Commerce,Slnd,93.9,109.7,0.1434,26.40%,23.60%,0,1.68,134
,,,351,313,,,,,,
348,Stetson,ASun,95.9,112.2,0.1408,33.10%,28.00%,13,1.86,116
,,,331,352,,,,,,
349,Army,Pat,95.8,112.1,0.1406,16.10%,15.90%,0,1.35,15
,,,333,351,,,,,,
350,Delaware St.,MEAC,94,110,0.1402,23.60%,12.30%,0,1.87,51
,,,350,318,,,,,,
351,North Carolina Central,MEAC,94.9,111.3,0.1386,13.60%,13.90%,0,2.35,175
,,,344,341,,,,,,
352,North Florida,ASun,94.6,111.5,0.1301,15.30%,11.70%,0,1.8,105
,,,347,343,,,,,,
353,Western Illinois,OVC,93.1,110,0.1275,0.00%,0.00%,0,1.44,148
,,,359,317,,,,,,
354,Prairie View A&M,SWAC,92.5,109.7,0.1232,16.10%,17.40%,0,2.52,227
,,,361,311,,,,,,
355,Louisiana Monroe,SB,93.3,110.8,0.1209,4.50%,3.50%,0,1.9,162
,,,357,335,,,,,,
356,Fairleigh Dickinson,NEC,93.7,111.7,0.1179,3.20%,2.30%,1.9,2.4,167
,,,353,346,,,,,,
357,IU Indy,Horz,93.7,112.5,0.1093,0.50%,0.20%,0,1.49,140
,,,354,354,,,,,,
358,Maryland Eastern Shore,MEAC,93.6,112.7,0.1057,21.90%,16.60%,0,2.34,174
,,,355,359,,,,,,
359,Central Arkansas,ASun,94.8,114.2,0.1047,23.80%,13.40%,0,1.23,127
,,,345,362,,,,,,
360,West Georgia,ASun,93.4,112.7,0.1029,17.90%,11.40%,0,1.58,81
,,,356,360,,,,,,
361,Mercyhurst,NEC,93.1,112.6,0.1017,29.30%,22.80%,0,1.43,30
,,,358,355,,,,,,
362,Coppin St.,MEAC,92.2,112.6,0.0908,33.20%,32.10%,0,1.61,0
,,,362,357,,,,,,
363,Arkansas Pine Bluff,SWAC,91.8,112.6,0.087,13.20%,11.60%,6.7,1.88,55
,,,363,356,,,,,,
364,New Haven,NEC,91.5,115.6,0.0635,20.00%,20.00%,0,0,0
,,,364,365,,,,,,
365,Mississippi Valley St.,SWAC,88.5,115.1,0.0462,25.20%,17.30%,0,2.38,59
,,,365,363,,,,,,
